{
    "Profiles": [
        {
            "Ansi 6 Color": {
                "Green Component": 0.570823609828949,
                "Red Component": 0.1467953473329544,
                "Blue Component": 0.5250227451324463
            },
            "Tags": [],
            "Ansi 12 Color": {
                "Green Component": 0.5096293091773987,
                "Red Component": 0.44058024883270264,
                "Blue Component": 0.5168579816818237
            },
            "Ansi 1 Color": {
                "Green Component": 0.10840655118227005,
                "Red Component": 0.8192697763442993,
                "Blue Component": 0.14145714044570923
            },
            "Draw Powerline Glyphs": true,
            "Bold Color": {
                "Green Component": 0.5648583769798279,
                "Red Component": 0.5059919357299805,
                "Blue Component": 0.5636365413665771
            },
            "Normal Font": "MesloLGS-NF-Regular 13",
            "Ansi 2 Color": {
                "Green Component": 0.5411549210548401,
                "Red Component": 0.44977453351020813,
                "Blue Component": 0.020208755508065224
            },
            "Custom Directory": "No",
            "Rows": 25,
            "Default Bookmark": "No",
            "Ansi 5 Color": {
                "Green Component": 0.10802463442087173,
                "Red Component": 0.777389407157898,
                "Blue Component": 0.4351663589477539
            },
            "Cursor Guide Color": {
                "Red Component": 0.7021318674087524,
                "Color Space": "sRGB",
                "Blue Component": 1,
                "Alpha Component": 0.25,
                "Green Component": 0.9268307089805603
            },
            "Non-ASCII Anti Aliased": true,
            "Use Bright Bold": true,
            "Ansi 10 Color": {
                "Green Component": 0.35665956139564514,
                "Red Component": 0.27671992778778076,
                "Blue Component": 0.38298487663269043
            },
            "Ambiguous Double Width": false,
            "Jobs to Ignore": [
                "rlogin",
                "ssh",
                "slogin",
                "telnet"
            ],
            "Ansi 15 Color": {
                "Green Component": 0.9579439163208008,
                "Red Component": 0.9894341826438904,
                "Blue Component": 0.8640598058700562
            },
            "Foreground Color": {
                "Green Component": 0.5096293091773987,
                "Red Component": 0.44058024883270264,
                "Blue Component": 0.5168579816818237
            },
            "Working Directory": "\/Users\/rony",
            "Blinking Cursor": false,
            "Disable Window Resizing": true,
            "Sync Title": false,
            "Prompt Before Closing 2": false,
            "BM Growl": true,
            "Command": "",
            "Description": "Default",
            "Mouse Reporting": true,
            "Screen": -1,
            "Selection Color": {
                "Green Component": 0.15575926005840302,
                "Red Component": 0,
                "Blue Component": 0.1937013864517212
            },
            "Only The Default BG Color Uses Transparency": true,
            "Columns": 80,
            "Idle Code": 0,
            "Ansi 13 Color": {
                "Green Component": 0.33896297216415405,
                "Red Component": 0.3479863405227661,
                "Blue Component": 0.7290843725204468
            },
            "Title Components": 3,
            "Custom Command": "No",
            "ASCII Anti Aliased": true,
            "Non Ascii Font": "Monaco 12",
            "Vertical Spacing": 1,
            "Use Bold Font": true,
            "Option Key Sends": 2,
            "Selected Text Color": {
                "Green Component": 0.5648583769798279,
                "Red Component": 0.5059919357299805,
                "Blue Component": 0.5636365413665771
            },
            "Background Color": {
                "Green Component": 0.1178361028432846,
                "Red Component": 0,
                "Blue Component": 0.15170273184776306
            },
            "Character Encoding": 4,
            "Ansi 11 Color": {
                "Green Component": 0.4071767330169678,
                "Red Component": 0.32436618208885193,
                "Blue Component": 0.4385056495666504
            },
            "Use Italic Font": true,
            "Unlimited Scrollback": false,
            "Keyboard Map": {
                "0x33-0x200000-0x0": {
                    "Action": 12,
                    "Text": "3"
                },
                "0x2f-0x200000-0x0": {
                    "Action": 12,
                    "Text": "\/"
                },
                "0x3-0x200000-0x0": {
                    "Action": 11,
                    "Text": "0xd"
                },
                "0x38-0x200000-0x0": {
                    "Action": 12,
                    "Text": "8"
                },
                "0x7f-0x80000-0x33": {
                    "Label": "",
                    "Action": 11,
                    "Text": "0x17"
                },
                "0xf70e-0x20000-0x0": {
                    "Action": 10,
                    "Text": "[23;2~"
                },
                "0xf701-0x220000-0x0": {
                    "Action": 10,
                    "Text": "[1;2B"
                },
                "0x32-0x40000-0x0": {
                    "Action": 11,
                    "Text": "0x00"
                },
                "0xf700-0x240000-0x0": {
                    "Action": 10,
                    "Text": "[1;5A"
                },
                "0xf703-0x220000-0x0": {
                    "Action": 10,
                    "Text": "[1;2C"
                },
                "0xf70b-0x20000-0x0": {
                    "Action": 10,
                    "Text": "[19;2~"
                },
                "0xf702-0x240000-0x0": {
                    "Action": 10,
                    "Text": "[1;5D"
                },
                "0xf701-0x260000-0x0": {
                    "Action": 10,
                    "Text": "[1;6B"
                },
                "0xf72b-0x40000-0x0": {
                    "Action": 10,
                    "Text": "[1;5F"
                },
                "0xf703-0x260000-0x0": {
                    "Action": 10,
                    "Text": "[1;6C"
                },
                "0x31-0x200000-0x0": {
                    "Action": 12,
                    "Text": "1"
                },
                "0xf702-0x280000-0x0": {
                    "Action": 10,
                    "Text": "b"
                },
                "0x2d-0x200000-0x0": {
                    "Action": 12,
                    "Text": "-"
                },
                "0xf709-0x20000-0x0": {
                    "Action": 10,
                    "Text": "[17;2~"
                },
                "0x36-0x200000-0x0": {
                    "Action": 12,
                    "Text": "6"
                },
                "0xf706-0x20000-0x0": {
                    "Action": 10,
                    "Text": "[1;2R"
                },
                "0x36-0x40000-0x0": {
                    "Action": 11,
                    "Text": "0x1e"
                },
                "0xf729-0x40000-0x0": {
                    "Action": 10,
                    "Text": "[1;5H"
                },
                "0x2d-0x40000-0x0": {
                    "Action": 11,
                    "Text": "0x1f"
                },
                "0xf702-0x300000-0x0": {
                    "Action": 11,
                    "Text": "0x1"
                },
                "0x33-0x40000-0x0": {
                    "Action": 11,
                    "Text": "0x1b"
                },
                "0x2b-0x200000-0x0": {
                    "Action": 12,